JohnDoe              	A+              		gary@gmail.com        		8 				 2022.02.31.         
GrayJames            	A-              		jim@gmail.com         		11 				 2022.12.30.         
Flower               	AB+             		flower@gmail.com      		4 				 2015.04.05.         
Wendy                	AB-             		wendy@gmail.com       		9 				 2022.02.31.         
LeilaAbdul           	B+              		leila@gmail.com       		4 				 2020.04.15.         
ChrisTravis          	O-              		chris@gmail.com       		8 				 2022.09.29.         
Fantasy              	O+              		fantasy@gmail.com     		4 				 2022.11.11.         
DanBosco             	A-              		dan@gmail.com         		15 				 2022.12.30.         
MaryAnne             	A-              		marya@gmail.com       		11 				 2022.12.30.         
